MILÍCIA-RIO DE JANEIRO-ZUMBI,2
FACÇÃO-SÃO GONÇALO-ZÉ GAROTO,1
MILÍCIA-DUQUE DE CAXIAS-XERÉM,6
MILÍCIA-BELFORD ROXO-XAVANTES,1
MILÍCIA-BELFORD ROXO-WONA,10
FACÇÃO-BELFORD ROXO-WONA,3
FACÇÃO-ITAGUAÍ-WEDA,1
FACÇÃO-SÃO GONÇALO-VISTA ALEGRE,15
MILÍCIA-SÃO GONÇALO-VISTA ALEGRE,1
FACÇÃO-SÃO JOÃO DE MERITI-VILAR FORMOSO,5
MILÍCIA-SÃO JOÃO DE MERITI-VILAR DOS TELES,63
FACÇÃO-SÃO JOÃO DE MERITI-VILAR DOS TELES,2
FACÇÃO-SÃO JOÃO DE MERITI-VILA ZULMIRA,3
FACÇÃO-BELFORD ROXO-VILA VITORIO,7
FACÇÃO-BELFORD ROXO-VILA VERDE,2
MILÍCIA-RIO DE JANEIRO-VILA VALQUEIRE,49
FACÇÃO-RIO DE JANEIRO-VILA VALQUEIRE,1
MILÍCIA-DUQUE DE CAXIAS-VILA URUSSAÍ,25
FACÇÃO-DUQUE DE CAXIAS-VILA URUSSAÍ,2
FACÇÃO-SÃO GONÇALO-VILA TRÊS,8
FACÇÃO-SÃO JOÃO DE MERITI-VILA TIRADENTES,32
MILÍCIA-QUEIMADOS-VILA TARUMÃ,1
MILÍCIA-DUQUE DE CAXIAS-VILA SHEILA,1
MILÍCIA-DUQUE DE CAXIAS-VILA SARAPUÍ,5
FACÇÃO-DUQUE DE CAXIAS-VILA SARAPUÍ,1
FACÇÃO-DUQUE DE CAXIAS-VILA SAPÊ,3
MILÍCIA-DUQUE DE CAXIAS-VILA SAPÊ,1
MILÍCIA-NOVA IGUAÇU-VILA SÃO TEODORO,2
MILÍCIA-DUQUE DE CAXIAS-VILA SÃO SEBASTIÃO,1
MILÍCIA-DUQUE DE CAXIAS-VILA SÃO LUIS,8
FACÇÃO-NOVA IGUAÇU-VILA SÃO LUIS,2
FACÇÃO-DUQUE DE CAXIAS-VILA SÃO LUIS,1
MILÍCIA-NOVA IGUAÇU-VILA SÃO LUIS,1
FACÇÃO-DUQUE DE CAXIAS-VILA SÃO JUDAS TADEU,12
FACÇÃO-SÃO JOÃO DE MERITI-VILA SÃO JOÃO,5
MILÍCIA-SÃO JOÃO DE MERITI-VILA SÃO JOÃO,4
MILÍCIA-NOVA IGUAÇU-VILA SANTOS NETO,7
FACÇÃO-DUQUE DE CAXIAS-VILA SANTO ANTÔNIO,30
MILÍCIA-DUQUE DE CAXIAS-VILA SANTO ANTÔNIO,22
FACÇÃO-BELFORD ROXO-VILA SANTO ANTÔNIO,6
FACÇÃO-BELFORD ROXO-VILA SANTA TERESA,45
MILÍCIA-BELFORD ROXO-VILA SANTA TERESA,1
FACÇÃO-BELFORD ROXO-VILA SANTA RITA,1
MILÍCIA-SÃO JOÃO DE MERITI-VILA SANTA RITA,1
FACÇÃO-DUQUE DE CAXIAS-VILA SANTA CRUZ,60
MILÍCIA-DUQUE DE CAXIAS-VILA SANTA CRUZ,5
MILÍCIA-DUQUE DE CAXIAS-VILA SANTA ALICE,1
FACÇÃO-DUQUE DE CAXIAS-VILA ROSÁRIO,37
MILÍCIA-DUQUE DE CAXIAS-VILA ROSÁRIO,2
FACÇÃO-SÃO JOÃO DE MERITI-VILA ROSALI,4
MILÍCIA-SÃO JOÃO DE MERITI-VILA ROSALI,2
MILÍCIA-NOVA IGUAÇU-VILA ÔMEGA,1
FACÇÃO-NOVA IGUAÇU-VILA OLORUM,1
FACÇÃO-MAGÉ-VILA NOVA (SURUÍ),26
MILÍCIA-MAGÉ-VILA NOVA (SURUÍ),3
MILÍCIA-PARACAMBI-VILA NOVA,1
MILÍCIA-DUQUE DE CAXIAS-VILA NOSSA SENHORA DAS GRAÇAS,1
FACÇÃO-JAPERI-VILA NOSSA SENHORA DA CONCEIÇÃO,1
FACÇÃO-MESQUITA-VILA NORMA,1
FACÇÃO-QUEIMADOS-VILA NASCENTE,1
MILÍCIA-QUEIMADOS-VILA NASCENTE,1
MILÍCIA-NOVA IGUAÇU-VILA MORRO AGUDO,15
FACÇÃO-NOVA IGUAÇU-VILA MORRO AGUDO,3
MILÍCIA-DUQUE DE CAXIAS-VILA MERITI,1
FACÇÃO-BELFORD ROXO-VILA MEDEIROS,1
MILÍCIA-DUQUE DE CAXIAS-VILA MARIA HELENA,2
FACÇÃO-DUQUE DE CAXIAS-VILA MARIA HELENA,1
FACÇÃO-ITAGUAÍ-VILA MARGARIDA,1
MILÍCIA-ITAGUAÍ-VILA MARGARIDA,1
MILÍCIA-BELFORD ROXO-VILA MAIA,1
MILÍCIA-DUQUE DE CAXIAS-VILA LEOPOLDINA,8
FACÇÃO-SÃO GONÇALO-VILA LAGE,6
MILÍCIA-SÃO GONÇALO-VILA LAGE,1
FACÇÃO-RIO DE JANEIRO-VILA KENNEDY,83
MILÍCIA-RIO DE JANEIRO-VILA KENNEDY,2
MILÍCIA-BELFORD ROXO-VILA JOLA,10
FACÇÃO-BELFORD ROXO-VILA JOEMA,1
FACÇÃO-BELFORD ROXO-VILA JOÃO RODRIGUES,2
MILÍCIA-DUQUE DE CAXIAS-VILA ITAMARATI,1
FACÇÃO-RIO DE JANEIRO-VILA ISABEL,15
MILÍCIA-RIO DE JANEIRO-VILA ISABEL,2
MILÍCIA-MAGÉ-VILA INCA,1
MILÍCIA-NOVA IGUAÇU-VILA IGUAÇUANA,1
FACÇÃO-DUQUE DE CAXIAS-VILA IDEAL,4
MILÍCIA-ITAGUAÍ-VILA IBIRAPITANGA,10
FACÇÃO-ITAGUAÍ-VILA IBIRAPITANGA,5
MILÍCIA-NOVA IGUAÇU-VILA GUIMARÃES,3
FACÇÃO-NOVA IGUAÇU-VILA GUIMARÃES,1
FACÇÃO-DUQUE DE CAXIAS-VILA GUANABARA,2
MILÍCIA-DUQUE DE CAXIAS-VILA GUANABARA,2
MILÍCIA-ITAGUAÍ-VILA GENY,8
MILÍCIA-NOVA IGUAÇU-VILA GAÚCHA,1
FACÇÃO-MAGÉ-VILA ESPERANÇA,2
MILÍCIA-BELFORD ROXO-VILA ESPERANÇA,2
MILÍCIA-MESQUITA-VILA EMIL,2
FACÇÃO-MESQUITA-VILA EMIL,1
MILÍCIA-DUQUE DE CAXIAS-VILA EMA,2
MILÍCIA-SÃO JOÃO DE MERITI-VILA DOS TELES,1
MILÍCIA-NOVA IGUAÇU-VILA DE CAVA,14
FACÇÃO-NOVA IGUAÇU-VILA DE CAVA,1
FACÇÃO-BELFORD ROXO-VILA DAGMAR,1
MILÍCIA-RIO DE JANEIRO-VILA DA PENHA,5
FACÇÃO-MAGÉ-VILA DA LIBERDADE,1
MILÍCIA-RIO DE JANEIRO-VILA COSMOS,4
FACÇÃO-RIO DE JANEIRO-VILA COSMOS,1
FACÇÃO-SÃO JOÃO DE MERITI-VILA COLÚMBIA,1
MILÍCIA-QUEIMADOS-VILA COIMBRA,1
FACÇÃO-DUQUE DE CAXIAS-VILA CENTENÁRIO,16
MILÍCIA-DUQUE DE CAXIAS-VILA CENTENÁRIO,2
MILÍCIA-QUEIMADOS-VILA CAMARIM,1
MILÍCIA-DUQUE DE CAXIAS-VILA CAETANO MADEIRA,1
FACÇÃO-ITABORAÍ-VILA BRASIL,10
MILÍCIA-NOVA IGUAÇU-VILA BORGERTH,1
MILÍCIA-NOVA IGUAÇU-VILA BANDEIRANTES,3
FACÇÃO-SÃO JOÃO DE MERITI-VILA ANDORINHAS,17
MILÍCIA-QUEIMADOS-VILA AMERICANA,1
MILÍCIA-DUQUE DE CAXIAS-VILA ACTURA,3
FACÇÃO-RIO DE JANEIRO-VIGÁRIO GERAL,10
MILÍCIA-RIO DE JANEIRO-VIGÁRIO GERAL,2
FACÇÃO-RIO DE JANEIRO-VIDIGAL,10
FACÇÃO-RIO DE JANEIRO-VICENTE DE CARVALHO,48
MILÍCIA-RIO DE JANEIRO-VICENTE DE CARVALHO,3
MILÍCIA-SÃO JOÃO DE MERITI-VENDA VELHA,14
FACÇÃO-SÃO JOÃO DE MERITI-VENDA VELHA,2
FACÇÃO-ITABORAÍ-VENDA DAS PEDRAS,2
FACÇÃO-RIO DE JANEIRO-VAZ LOBO,5
MILÍCIA-RIO DE JANEIRO-VAZ LOBO,1
FACÇÃO-SÃO GONÇALO-VÁRZEA DAS MOÇAS,2
FACÇÃO-NITERÓI-VÁRZEA DAS MOÇAS,1
MILÍCIA-NITERÓI-VÁRZEA DAS MOÇAS,1
MILÍCIA-RIO DE JANEIRO-VARGEM PEQUENA,25
MILÍCIA-RIO DE JANEIRO-VARGEM GRANDE,32
MILÍCIA-NOVA IGUAÇU-VALVERDE,47
FACÇÃO-BELFORD ROXO-VALE DO IPÊ,1
MILÍCIA-BELFORD ROXO-VALE DO IPÊ,1
MILÍCIA-GUAPIMIRIM-VALE DAS PEDRINHAS,1
FACÇÃO-RIO DE JANEIRO-TURIAÇU,22
MILÍCIA-RIO DE JANEIRO-TURIAÇU,2
FACÇÃO-SÃO GONÇALO-TRINDADE,48
FACÇÃO-SÃO GONÇALO-TRIBOBÓ,39
FACÇÃO-SÃO JOÃO DE MERITI-TREZENTOS,6
MILÍCIA-SÃO JOÃO DE MERITI-TREZENTOS,2
MILÍCIA-QUEIMADOS-TRÊS FONTES,1
MILÍCIA-NOVA IGUAÇU-TRÊS CORAÇÕES,1
FACÇÃO-SÃO JOÃO DE MERITI-TOMAZINHO,75
MILÍCIA-SÃO JOÃO DE MERITI-TOMAZINHO,1
FACÇÃO-RIO DE JANEIRO-TOMÁS COELHO,3
MILÍCIA-RIO DE JANEIRO-TODOS OS SANTOS,5
MILÍCIA-NOVA IGUAÇU-TINGUÁ,2
MILÍCIA-QUEIMADOS-TINGUÁ,1
FACÇÃO-RIO DE JANEIRO-TIJUCA,30
MILÍCIA-RIO DE JANEIRO-TIJUCA,9
FACÇÃO-SÃO GONÇALO-TENENTE JARDIM,4
FACÇÃO-NITERÓI-TENENTE JARDIM,3
MILÍCIA-ITAGUAÍ-TEIXEIRAS,1
MILÍCIA-RIO DE JANEIRO-TAUÁ,2
MILÍCIA-RIO DE JANEIRO-TAQUARA,236
FACÇÃO-DUQUE DE CAXIAS-TAQUARA,9
FACÇÃO-RIO DE JANEIRO-TAQUARA,4
MILÍCIA-DUQUE DE CAXIAS-TAQUARA,1
MILÍCIA-RIO DE JANEIRO-TANQUE,7
FACÇÃO-RIO DE JANEIRO-TANQUE,2
FACÇÃO-BELFORD ROXO-SUBLIME,4
MILÍCIA-BELFORD ROXO-SUBLIME,1
FACÇÃO-ITABORAÍ-SOSSEGO,5
FACÇÃO-ITAGUAÍ-SOMEL,1
FACÇÃO-BELFORD ROXO-SÍTIO RETIRO FELIZ,2
MILÍCIA-SÃO JOÃO DE MERITI-SÍTIO DOS GANSOS,1
MILÍCIA-BELFORD ROXO-SHANGRI LÁ,41
FACÇÃO-BELFORD ROXO-SHANGRI LÁ,1
FACÇÃO-SÃO GONÇALO-SETE PONTES,43
MILÍCIA-SÃO GONÇALO-SETE PONTES,1
MILÍCIA-RIO DE JANEIRO-SEPETIBA,288
FACÇÃO-RIO DE JANEIRO-SEPETIBA,2
MILÍCIA-RIO DE JANEIRO-SENADOR VASCONCELOS,15
FACÇÃO-RIO DE JANEIRO-SENADOR CAMARÁ,60
MILÍCIA-RIO DE JANEIRO-SENADOR CAMARÁ,16
FACÇÃO-RIO DE JANEIRO-SAÚDE,1
MILÍCIA-DUQUE DE CAXIAS-SARACURUNA,38
FACÇÃO-DUQUE DE CAXIAS-SARACURUNA,21
FACÇÃO-NITERÓI-SAPÊ,6
FACÇÃO-BELFORD ROXO-SÃO VICENTE,1
FACÇÃO-QUEIMADOS-SÃO SIMÃO,56
MILÍCIA-QUEIMADOS-SÃO SIMÃO,1
FACÇÃO-QUEIMADOS-SÃO ROQUE,1
FACÇÃO-SÃO GONÇALO-SÃO MIGUEL,1
MILÍCIA-SEROPÉDICA-SÃO MIGUEL,1
FACÇÃO-SÃO JOÃO DE MERITI-SÃO MATEUS,43
MILÍCIA-SÃO JOÃO DE MERITI-SÃO MATEUS,1
FACÇÃO-BELFORD ROXO-SÃO LUCAS,1
FACÇÃO-NITERÓI-SÃO LOURENÇO,3
MILÍCIA-BELFORD ROXO-SÃO LEOPOLDO,2
FACÇÃO-BELFORD ROXO-SÃO LEOPOLDO,1
FACÇÃO-MARICÁ-SÃO JOSÉ DO IMABASSAÍ,2
FACÇÃO-BELFORD ROXO-SÃO JOSÉ,24
MILÍCIA-BELFORD ROXO-SÃO JOSÉ,2
FACÇÃO-JAPERI-SÃO JORGE,14
FACÇÃO-RIO DE JANEIRO-SÃO FRANCISCO XAVIER,1
MILÍCIA-MAGÉ-SÃO FRANCISCO DO CUARÁ,1
MILÍCIA-BELFORD ROXO-SÃO FRANCISCO DE ASSIS,1
MILÍCIA-QUEIMADOS-SÃO FRANCISCO,9
FACÇÃO-NITERÓI-SÃO FRANCISCO,2
FACÇÃO-QUEIMADOS-SÃO FRANCISCO,2
FACÇÃO-NITERÓI-SÃO DOMINGOS,6
FACÇÃO-RIO DE JANEIRO-SÃO CRISTÓVÃO,38
MILÍCIA-RIO DE JANEIRO-SÃO CRISTÓVÃO,5
FACÇÃO-RIO DE JANEIRO-SÃO CONRADO,3
MILÍCIA-RIO DE JANEIRO-SÃO CONRADO,1
MILÍCIA-DUQUE DE CAXIAS-SÃO BENTO,5
FACÇÃO-DUQUE DE CAXIAS-SÃO BENTO,1
FACÇÃO-NOVA IGUAÇU-SANTOS NEVES,1
MILÍCIA-QUEIMADOS-SANTO EXPEDITO,2
MILÍCIA-MESQUITA-SANTO ELIAS,3
FACÇÃO-RIO DE JANEIRO-SANTO CRISTO,40
MILÍCIA-BELFORD ROXO-SANTO ANTÔNIO DA PRATA,10
FACÇÃO-BELFORD ROXO-SANTO ANTÔNIO DA PRATA,1
FACÇÃO-ITABORAÍ-SANTO ANTÔNIO (MANILHA),1
FACÇÃO-QUEIMADOS-SANTO ANTÔNIO,1
MILÍCIA-DUQUE DE CAXIAS-SANTO ANTÔNIO,1
MILÍCIA-MAGÉ-SANTO ALEIXO,2
FACÇÃO-MAGÉ-SANTO ALEIXO,1
MILÍCIA-RIO DE JANEIRO-SANTÍSSIMO,51
FACÇÃO-RIO DE JANEIRO-SANTÍSSIMO,2
FACÇÃO-NITERÓI-SANTANA,7
MILÍCIA-ITAGUAÍ-SANTANA,1
FACÇÃO-BELFORD ROXO-SANTA TEREZA,11
MILÍCIA-BELFORD ROXO-SANTA TEREZA,2
FACÇÃO-MESQUITA-SANTA TERESINHA,7
MILÍCIA-MESQUITA-SANTA TERESINHA,3
FACÇÃO-RIO DE JANEIRO-SANTA TERESA,16
MILÍCIA-SEROPÉDICA-SANTA SOFIA,3
FACÇÃO-NITERÓI-SANTA ROSA,13
MILÍCIA-QUEIMADOS-SANTA ROSA,1
FACÇÃO-NOVA IGUAÇU-SANTA RITA,2
MILÍCIA-NOVA IGUAÇU-SANTA RITA,1
MILÍCIA-BELFORD ROXO-SANTA MARIA,13
FACÇÃO-BELFORD ROXO-SANTA MARIA,1
FACÇÃO-SÃO GONÇALO-SANTA LUZIA,52
MILÍCIA-SÃO GONÇALO-SANTA LUZIA,1
FACÇÃO-DUQUE DE CAXIAS-SANTA LÚCIA,2
MILÍCIA-DUQUE DE CAXIAS-SANTA LÚCIA,1
FACÇÃO-SÃO GONÇALO-SANTA ISABEL,32
MILÍCIA-NOVA IGUAÇU-SANTA EUGÊNIA,1
MILÍCIA-NOVA IGUAÇU-SANTA EUGÊNCIA,1
FACÇÃO-BELFORD ROXO-SANTA EMÍLIA,15
FACÇÃO-DUQUE DE CAXIAS-SANTA CRUZ DA SERRA,21
MILÍCIA-RIO DE JANEIRO-SANTA CRUZ,362
FACÇÃO-RIO DE JANEIRO-SANTA CRUZ,38
FACÇÃO-SÃO GONÇALO-SANTA ANITA,2
FACÇÃO-BELFORD ROXO-SANTA AMÉLIA,7
FACÇÃO-DUQUE DE CAXIAS-SANO ANTÔNIO,2
MILÍCIA-DUQUE DE CAXIAS-SANO ANTÔNIO,2
FACÇÃO-RIO DE JANEIRO-SAMPAIO,3
FACÇÃO-SÃO GONÇALO-SALGUEIRO,2
FACÇÃO-SÃO GONÇALO-SACRAMENTO,65
FACÇÃO-MAGÉ-SACO,5
MILÍCIA-MAGÉ-SACO,1
FACÇÃO-PARACAMBI-SABUGO,2
MILÍCIA-PARACAMBI-SABUGO,1
FACÇÃO-NOVA IGUAÇU-ROSA DOS VENTOS,5
MILÍCIA-NOVA IGUAÇU-ROSA DOS VENTOS,1
FACÇÃO-QUEIMADOS-RONCADOR,5
FACÇÃO-MAGÉ-RONCADOR,1
MILÍCIA-QUEIMADOS-RODOVIÁRIO,1
FACÇÃO-RIO DE JANEIRO-ROCINHA,29
MILÍCIA-RIO DE JANEIRO-ROCINHA,1
FACÇÃO-MESQUITA-ROCHA SOBRINHO,17
MILÍCIA-MESQUITA-ROCHA SOBRINHO,3
FACÇÃO-RIO DE JANEIRO-ROCHA MIRANDA,29
MILÍCIA-RIO DE JANEIRO-ROCHA MIRANDA,4
FACÇÃO-RIO DE JANEIRO-ROCHA,6
FACÇÃO-SÃO GONÇALO-ROCHA,5
MILÍCIA-RIO DE JANEIRO-ROCHA,2
MILÍCIA-SÃO GONÇALO-ROCHA,1
FACÇÃO-ITABORAÍ-RIO VÁRZEA,2
FACÇÃO-SÃO GONÇALO-RIO DO OURO,25
MILÍCIA-NOVA IGUAÇU-RIO DO OURO,1
FACÇÃO-RIO DE JANEIRO-RIO COMPRIDO,33
MILÍCIA-RIO DE JANEIRO-RIO COMPRIDO,2
FACÇÃO-RIO DE JANEIRO-RICARDO DE ALBUQUERQUE,14
MILÍCIA-RIO DE JANEIRO-RICARDO DE ALBUQUERQUE,1
FACÇÃO-NOVA IGUAÇU-RIACHÃO,6
MILÍCIA-NOVA IGUAÇU-RIACHÃO,1
MILÍCIA-ITABORAÍ-RETIRO SÃO JOAQUIM,17
FACÇÃO-BELFORD ROXO-REDENTOR,8
MILÍCIA-BELFORD ROXO-REDENTOR,1
MILÍCIA-RIO DE JANEIRO-RECREIO DOS BANDEIRANTES,87
MILÍCIA-RIO DE JANEIRO-RECREIO DOS BANDEIRANDES,47
MILÍCIA-BELFORD ROXO-RECANTUS,14
FACÇÃO-BELFORD ROXO-RECANTUS,1
FACÇÃO-SÃO GONÇALO-RECANTO DAS ACÁCIAS,1
MILÍCIA-RIO DE JANEIRO-REALENGO,70
FACÇÃO-RIO DE JANEIRO-REALENGO,69
FACÇÃO-SÃO GONÇALO-RAUL VEIGA,15
MILÍCIA-NOVA IGUAÇU-RANCHO FUNDO,2
FACÇÃO-RIO DE JANEIRO-RAMOS,44
MILÍCIA-RIO DE JANEIRO-RAMOS,35
FACÇÃO-ITABORAÍ-QUISSAMÃ,1
MILÍCIA-RIO DE JANEIRO-QUINTINO BOCAIÚVA,64
FACÇÃO-RIO DE JANEIRO-QUINTINO BOCAIÚVA,4
FACÇÃO-QUEIMADOS,22
MILÍCIA-QUEIMADOS,9
MILÍCIA-NOVA IGUAÇU-PRATA,4
FACÇÃO-NOVA IGUAÇU-PRATA,3
MILÍCIA-MAGÉ-PRAIA DA ESPERANÇA,2
FACÇÃO-RIO DE JANEIRO-PRAIA DA BANDEIRA,2
MILÍCIA-RIO DE JANEIRO-PRAIA DA BANDEIRA,2
MILÍCIA-NOVA IGUAÇU-PRADOS VERDES,12
MILÍCIA-RIO DE JANEIRO-PRAÇA SECA,212
FACÇÃO-RIO DE JANEIRO-PRAÇA SECA,21
MILÍCIA-RIO DE JANEIRO-PRAÇA DA BANDEIRA,3
FACÇÃO-RIO DE JANEIRO-PRAÇA DA BANDEIRA,1
MILÍCIA-NOVA IGUAÇU-POSSE,7
FACÇÃO-NOVA IGUAÇU-POSSE,2
FACÇÃO-RIO DE JANEIRO-PORTUGUESA,2
MILÍCIA-RIO DE JANEIRO-PORTUGUESA,1
FACÇÃO-SÃO GONÇALO-PORTO VELHO,10
MILÍCIA-SÃO GONÇALO-PORTO VELHO,8
FACÇÃO-SÃO GONÇALO-PORTO ROSA,16
FACÇÃO-SÃO GONÇALO-PORTO NOVO,12
MILÍCIA-SÃO GONÇALO-PORTO NOVO,7
FACÇÃO-SÃO GONÇALO-PORTO DO ROSA,2
MILÍCIA-SÃO GONÇALO-PORTO DA PEDRA,2
MILÍCIA-NOVA IGUAÇU-PONTO CHIC,26
FACÇÃO-QUEIMADOS-PONTE PRETA,2
MILÍCIA-QUEIMADOS-PONTE PRETA,2
FACÇÃO-MARICÁ-PONTA NEGRA,1
MILÍCIA-MARICÁ-PONTA NEGRA,1
FACÇÃO-RIO DE JANEIRO-PITANGUEIRAS,4
MILÍCIA-RIO DE JANEIRO-PITANGUEIRAS,1
MILÍCIA-RIO DE JANEIRO-PITANGUEIRA,1
FACÇÃO-SÃO GONÇALO-PITA,20
FACÇÃO-NITERÓI-PIRATININGA,14
MILÍCIA-NITERÓI-PIRATININGA,2
MILÍCIA-SEROPÉDICA-PIRANEMA,3
MILÍCIA-TANGUÁ-PINHÃO,1
MILÍCIA-MARICÁ-PINDOBAL,1
MILÍCIA-RIO DE JANEIRO-PILARES,26
FACÇÃO-RIO DE JANEIRO-PILARES,6
MILÍCIA-DUQUE DE CAXIAS-PILAR,13
FACÇÃO-RIO DE JANEIRO-PIEDADE,39
MILÍCIA-RIO DE JANEIRO-PIEDADE,26
FACÇÃO-BELFORD ROXO-PIAM,9
MILÍCIA-BELFORD ROXO-PIAM,3
MILÍCIA-MAGÉ-PIABETÁ,9
FACÇÃO-MAGÉ-PIABETÁ,2
FACÇÃO-DUQUE DE CAXIAS-PERIQUITOS,1
FACÇÃO-RIO DE JANEIRO-PENHA CIRCULAR,10
MILÍCIA-RIO DE JANEIRO-PENHA CIRCULAR,9
FACÇÃO-RIO DE JANEIRO-PENHA,31
MILÍCIA-RIO DE JANEIRO-PENHA,3
FACÇÃO-NITERÓI-PENDOTIBA,13
MILÍCIA-RIO DE JANEIRO-PEDRA DE GUARATIBA,29
MILÍCIA-RIO DE JANEIRO-PEDRA DE  GUARATIBA,1
FACÇÃO-RIO DE JANEIRO-PAVUNA,99
MILÍCIA-RIO DE JANEIRO-PAVUNA,3
FACÇÃO-BELFORD ROXO-PAULINE,20
MILÍCIA-BELFORD ROXO-PAULINE,1
FACÇÃO-SÃO GONÇALO-PATRONATO,4
FACÇÃO-DUQUE DE CAXIAS-PARUQE BOA VISTA II,1
MILÍCIA-DUQUE DE CAXIAS-PARQUE XERÉM,1
MILÍCIA-DUQUE DE CAXIAS-PARQUE VITÓRIA,2
FACÇÃO-DUQUE DE CAXIAS-PARQUE VILA NOVA,2
FACÇÃO-BELFORD ROXO-PARQUE VENEZA,1
MILÍCIA-QUEIMADOS-PARQUE VALDAIROSA,7
FACÇÃO-QUEIMADOS-PARQUE VALDAIROSA,2
MILÍCIA-DUQUE DE CAXIAS-PARQUE URUGUAIANA,8
FACÇÃO-BELFORD ROXO-PARQUE UNIÃO 4,1
FACÇÃO-SÃO JOÃO DE MERITI-PARQUE TIETÊ,4
FACÇÃO-NOVA IGUAÇU-PARQUE SÃO VICENTE DE PAULO,3
MILÍCIA-NOVA IGUAÇU-PARQUE SÃO VICENTE DE PAULO,1
MILÍCIA-BELFORD ROXO-PARQUE SÃO VICENTE,2
FACÇÃO-BELFORD ROXO-PARQUE SÃO VICENTE,1
MILÍCIA-JAPERI-PARQUE SÃO SEBASTIÃO,1
MILÍCIA-DUQUE DE CAXIAS-PARQUE SÃO PEDRO DE ALCÂNTARA,14
FACÇÃO-SÃO JOÃO DE MERITI-PARQUE SÃO NICOLAU,74
MILÍCIA-SÃO JOÃO DE MERITI-PARQUE SÃO NICOLAU,3
MILÍCIA-DUQUE DE CAXIAS-PARQUE SÃO JOÃO,3
FACÇÃO-NOVA IGUAÇU-PARQUE SÃO CARLOS,4
MILÍCIA-DUQUE DE CAXIAS-PARQUE SÃO CARLOS,3
FACÇÃO-DUQUE DE CAXIAS-PARQUE SÃO BENTO,1
FACÇÃO-JAPERI-PARQUE SÃO BENEDITO,1
MILÍCIA-BELFORD ROXO-PARQUE SANTA RITA,1
MILÍCIA-DUQUE DE CAXIAS-PARQUE SANTA LÚCIA,2
FACÇÃO-DUQUE DE CAXIAS-PARQUE SANTA LÚCIA,1
FACÇÃO-BELFORD ROXO-PARQUE SANTA BRANCA,3
FACÇÃO-BELFORD ROXO-PARQUE ROSEIRAL,13
FACÇÃO-BELFORD ROXO-PARQUE RENASCENÇA,1
FACÇÃO-DUQUE DE CAXIAS-PARQUE PAULISTA,35
MILÍCIA-DUQUE DE CAXIAS-PARQUE PAULISTA,2
MILÍCIA-DUQUE DE CAXIAS-PARQUE PAULICÉIA,2
MILÍCIA-SÃO JOÃO DE MERITI-PARQUE NOVO RIO,11
FACÇÃO-SÃO JOÃO DE MERITI-PARQUE NOVO RIO,4
MILÍCIA-BELFORD ROXO-PARQUE NOSSA SENHORA APRECIDA,2
MILÍCIA-DUQUE DE CAXIAS-PARQUE MUÍSA,2
FACÇÃO-JAPERI-PARQUE MUCAJÁ,1
FACÇÃO-DUQUE DE CAXIAS-PARQUE LAGUNA E DOURADOS,1
MILÍCIA-DUQUE DE CAXIAS-PARQUE LAFAIETE,13
FACÇÃO-DUQUE DE CAXIAS-PARQUE LAFAIETE,2
MILÍCIA-SÃO JOÃO DE MERITI-PARQUE JURUTI,17
MILÍCIA-QUEIMADOS-PARQUE JURUTI,2
FACÇÃO-BELFORD ROXO-PARQUE JORDÃO,1
FACÇÃO-DUQUE DE CAXIAS-PARQUE JOÃO PESSOA,11
MILÍCIA-DUQUE DE CAXIAS-PARQUE JOÃO PESSOA,5
MILÍCIA-SEROPÉDICA-PARQUE JACIMAR,1
MILÍCIA-QUEIMADOS-PARQUE IPANEMA,1
MILÍCIA-DUQUE DE CAXIAS-PARQUE INDEPENDÊNCIA,11
FACÇÃO-DUQUE DE CAXIAS-PARQUE IMPÉRIO,1
FACÇÃO-JAPERI-PARQUE GUANDU,11
MILÍCIA-DUQUE DE CAXIAS-PARQUE FLUMINENSE,6
MILÍCIA-BELFORD ROXO-PARQUE FLUMINENSE,1
MILÍCIA-BELFORD ROXO-PARQUE FLORESTA,1
FACÇÃO-NOVA IGUAÇU-PARQUE FLORA,2
MILÍCIA-NOVA IGUAÇU-PARQUE FLORA,1
MILÍCIA-GUAPIMIRIM-PARQUE FLEIXAL,1
FACÇÃO-DUQUE DE CAXIAS-PARQUE FELICIDADE,3
MILÍCIA-DUQUE DE CAXIAS-PARQUE FELICIDADE,1
FACÇÃO-DUQUE DE CAXIAS-PARQUE ESTRELA,3
MILÍCIA-DUQUE DE CAXIAS-PARQUE ESTRELA,1
FACÇÃO-BELFORD ROXO-PARQUE ESPERANÇA,14
MILÍCIA-BELFORD ROXO-PARQUE ESPERANÇA,2
FACÇÃO-DUQUE DE CAXIAS-PARQUE ELDORADO,5
MILÍCIA-NOVA IGUAÇU-PARQUE DO LARANJAL,4
FACÇÃO-MAGÉ-PARQUE DO IMPERADOR,14
FACÇÃO-DUQUE DE CAXIAS-PARQUE DAS MISSÕES,9
FACÇÃO-BELFORD ROXO-PARQUE COLONIAL,5
FACÇÃO-DUQUE DE CAXIAS-PARQUE CHUNO,15
MILÍCIA-DUQUE DE CAXIAS-PARQUE CHUNO,3
FACÇÃO-DUQUE DE CAXIAS-PARQUE CENTENÁRIO,2
FACÇÃO-DUQUE DE CAXIAS-PARQUE CAPIVARI,2
FACÇÃO-DUQUE DE CAXIAS-PARQUE BOA VISTA II,1
FACÇÃO-BELFORD ROXO-PARQUE BOA SORTE,1
MILÍCIA-DUQUE DE CAXIAS-PARQUE BEIRA MAR,4
FACÇÃO-DUQUE DE CAXIAS-PARQUE BEIRA MAR,2
FACÇÃO-SÃO JOÃO DE MERITI-PARQUE BARRETO,2
MILÍCIA-SÃO JOÃO DE MERITI-PARQUE BARRETO,1
FACÇÃO-ITABORAÍ-PARQUE AURORA,1
MILÍCIA-SÃO JOÃO DE MERITI-PARQUE ARARUAMA,3
FACÇÃO-SÃO JOÃO DE MERITI-PARQUE ARARUAMA,1
MILÍCIA-RIO DE JANEIRO-PARQUE ANCHIETA,18
FACÇÃO-RIO DE JANEIRO-PARQUE ANCHIETA,2
FACÇÃO-SÃO JOÃO DE MERITI-PARQUE ANALÂNDIA,15
MILÍCIA-SÃO JOÃO DE MERITI-PARQUE ANALÂNDIA,2
FACÇÃO-BELFORD ROXO-PARQUE AMORIM,2
MILÍCIA-NOVA IGUAÇU-PARQUE AMBAÍ,3
FACÇÃO-DUQUE DE CAXIAS-PARQUE A EQUITATIVA,1
FACÇÃO-SÃO GONÇALO-PARAÍSO,8
FACÇÃO-NOVA IGUAÇU-PARAÍSO,6
MILÍCIA-NOVA IGUAÇU-PARAÍSO,3
MILÍCIA-DUQUE DE CAXIAS-PARADA MORABI,1
FACÇÃO-GUAPIMIRIM-PARADA MODELO,1
FACÇÃO-RIO DE JANEIRO-PARADA DE LUCAS,35
MILÍCIA-RIO DE JANEIRO-PARADA DE LUCAS,2
FACÇÃO-DUQUE DE CAXIAS-PARADA ANGÉLICA,1
MILÍCIA-DUQUE DE CAXIAS-PARADA ANGÉLICA,1
FACÇÃO-CACHOEIRAS DE MACACU-PAPUCAIA,1
MILÍCIA-NOVA IGUAÇU-PALHADA,39
FACÇÃO-NOVA IGUAÇU-PALHADA,14
MILÍCIA-NILÓPOLIS-PAIOL DE PÓLVORA,4
FACÇÃO-NILÓPOLIS-PAIOL DE PÓLVORA,1
MILÍCIA-RIO DE JANEIRO-PADRE MIGUEL,25
FACÇÃO-RIO DE JANEIRO-PADRE MIGUEL,14
FACÇÃO-CACHOEIRAS DE MACACU-PACUCAIA,1
MILÍCIA-RIO DE JANEIRO-PACIÊNCIA,197
FACÇÃO-RIO DE JANEIRO-PACIÊNCIA,1
FACÇÃO-SÃO GONÇALO-PACHECO,12
MILÍCIA-ITABORAÍ-OUTEIRO DAS PEDRAS,1
FACÇÃO-BELFORD ROXO-OUTEIRO,1
MILÍCIA-BELFORD ROXO-OUTEIRO,1
MILÍCIA-DUQUE DE CAXIAS-OUTEIRO,1
MILÍCIA-NOVA IGUAÇU-OURO VERDE,4
FACÇÃO-NOVA IGUAÇU-OURO VERDE,1
MILÍCIA-RIO DE JANEIRO-OSWALDO CRUZ,10
MILÍCIA-RIO DE JANEIRO-OSVALDO CRUZ,1
FACÇÃO-NILÓPOLIS-OLINDA,8
MILÍCIA-NILÓPOLIS-OLINDA,3
FACÇÃO-DUQUE DE CAXIAS-OLAVO BILAC,11
MILÍCIA-DUQUE DE CAXIAS-OLAVO BILAC,8
MILÍCIA-RIO DE JANEIRO-OLARIA,11
FACÇÃO-RIO DE JANEIRO-OLARIA,3
MILÍCIA-MAGÉ-NOVO MUNDO,1
FACÇÃO-SÃO GONÇALO-NOVO MÉXICO,31
FACÇÃO-PARACAMBI-NOVO GUARAJUBA,1
FACÇÃO-MAGÉ-NOVA MARÍLIA,2
FACÇÃO-CAMPOS DOS GOITACAZES-NOVA GOITACAZES,1
FACÇÃO-ITABORAÍ-NOVA CIDADE,10
FACÇÃO-SÃO GONÇALO-NOVA CIDADE,2
FACÇÃO-DUQUE DE CAXIAS-NOVA CAMPINAS,21
FACÇÃO-JAPERI-NOVA BELÉM,5
MILÍCIA-BELFORD ROXO-NOVA AURORA,15
FACÇÃO-BELFORD ROXO-NOVA AURORA,3
MILÍCIA-NOVA IGUAÇU-NOVA AMÉRICA,8
MILÍCIA-DUQUE DE CAXIAS-NOSSA SENHORA DO CARMO,21
MILÍCIA-QUEIMADOS-NOSSA SENHORA DE FÁTIMA,2
FACÇÃO-QUEIMADOS-NOSSA SENHORA DE FÁTIMA,1
MILÍCIA-NOVA IGUAÇU-NOSSA SENHORA DE FÁTIMA,1
FACÇÃO-SÃO GONÇALO-NEVES,15
FACÇÃO-SÃO GONÇALO-MUTUAPIRA,8
FACÇÃO-SÃO GONÇALO-MUTUAGUAÇU,10
FACÇÃO-SÃO GONÇALO-MUTUÁ,27
FACÇÃO-SÃO GONÇALO-MUTONDO,14
FACÇÃO-PARACAMBI-MUTIRÃO,2
FACÇÃO-MAGÉ-MUNDO NOVO,6
MILÍCIA-MAGÉ-MUNDO NOVO,2
FACÇÃO-SÃO GONÇALO-MORRO DO CASTRO,2
FACÇÃO-QUEIMADOS-MORRO DA PAZ,1
FACÇÃO-ITABORAÍ-MONTE VERDE,3
FACÇÃO-SÃO GONÇALO-MONJOLO,10
MILÍCIA-SÃO GONÇALO-MONJOLO,2
FACÇÃO-SÃO GONÇALO-MIRIAMBI,31
MILÍCIA-NOVA IGUAÇU-MIGUEL COUTO,47
FACÇÃO-BELFORD ROXO-MIGUEL COUTO,2
MILÍCIA-BELFORD ROXO-MIGUEL COUTO,2
FACÇÃO-NOVA IGUAÇU-MIGUEL COUTO,1
MILÍCIA-NOVA IGUAÇU-METRÓPOLE,1
FACÇÃO-RIO DE JANEIRO-MÉIER,12
MILÍCIA-RIO DE JANEIRO-MÉIER,5
MILÍCIA-ITAGUAÍ-MAZOMBA,2
FACÇÃO-BELFORD ROXO-MARINGÁ,15
FACÇÃO-SÃO GONÇALO-MARIA PAULA,77
FACÇÃO-NITERÓI-MARIA PAULA,2
FACÇÃO-RIO DE JANEIRO-MARECHAL HERMES,31
MILÍCIA-RIO DE JANEIRO-MARECHAL HERMES,7
FACÇÃO-RIO DE JANEIRO-MARÉ,2
MILÍCIA-RIO DE JANEIRO-MARÉ,1
FACÇÃO-NITERÓI-MARAVISTA,1
FACÇÃO-NOVA IGUAÇU-MARAPICU,20
MILÍCIA-NOVA IGUAÇU-MARAPICU,6
FACÇÃO-SÃO GONÇALO-MARAMBAIA,10
FACÇÃO-ITABORAÍ-MARAMBAIA,7
MILÍCIA-RIO DE JANEIRO-MARACANÃ,6
FACÇÃO-RIO DE JANEIRO-MARACANÃ,1
FACÇÃO-RIO DE JANEIRO-MANGUINHOS,10
MILÍCIA-RIO DE JANEIRO-MANGUINHOS,2
FACÇÃO-RIO DE JANEIRO-MANGUEIRA,11
MILÍCIA-BELFORD ROXO-MALHAPÃO,4
FACÇÃO-RIO DE JANEIRO-MAGALHÃES BASTOS,3
MILÍCIA-RIO DE JANEIRO-MAGALHÃES BASTOS,3
MILÍCIA-RIO DE JANEIRO-MADUREIRA,31
FACÇÃO-RIO DE JANEIRO-MADUREIRA,15
FACÇÃO-NITERÓI-MACEIÓ,2
FACÇÃO-SÃO GONÇALO-LUIZ CAÇADOR,2
MILÍCIA-BELFORD ROXO-LOTE XV,12
FACÇÃO-BELFORD ROXO-LOTE XV,2
FACÇÃO-RIO DE JANEIRO-LINS DE VASCONCELOS,28
FACÇÃO-SÃO GONÇALO-LINDO PARQUE,5
FACÇÃO-RIO DE JANEIRO-LEME,41
FACÇÃO-RIO DE JANEIRO-LEBLON,4
FACÇÃO-ITAGUAÍ-LEANDRO,3
MILÍCIA-ITAGUAÍ-LEANDRO,1
MILÍCIA-SÃO GONÇALO-LARGO DA IDÉIA,1
FACÇÃO-NITERÓI-LARGO DA BATALHA,8
FACÇÃO-NITERÓI-LARGO BARRADAS,2
FACÇÃO-RIO DE JANEIRO-LARANJEIRAS,2
MILÍCIA-RIO DE JANEIRO-LARANJEIRAS,2
FACÇÃO-SÃO GONÇALO-LARANJAL,36
MILÍCIA-SÃO GONÇALO-LARANJAL,2
MILÍCIA-NOVA IGUAÇU-LAGOINHA,12
FACÇÃO-NOVA IGUAÇU-LAGOINHA,2
FACÇÃO-SÃO GONÇALO-LAGOINHA,1
MILÍCIA-RIO DE JANEIRO-LAGOA,4
FACÇÃO-RIO DE JANEIRO-LAGOA,1
FACÇÃO-PARACAMBI-LAGES,4
MILÍCIA-PARACAMBI-LAGES,1
MILÍCIA-SEROPÉDICA-KM 40,1
MILÍCIA-NOVA IGUAÇU-KM 35,1
MILÍCIA-NOVA IGUAÇU-KM 34,1
MILÍCIA-NOVA IGUAÇU-KM 33,1
MILÍCIA-NOVA IGUAÇU-KM 32,5
MILÍCIA-NOVA IGUAÇU-KM 32,2
MILÍCIA-NOVA IGUAÇU-KM 31,1
MILÍCIA-NOVA IGUAÇU-KM 30,1
MILÍCIA-NOVA IGUAÇU-KM 29,1
MILÍCIA-NOVA IGUAÇU-KM 28,1
MILÍCIA-NOVA IGUAÇU-KM 27,1
MILÍCIA-NOVA IGUAÇU-KM 26,1
MILÍCIA-NOVA IGUAÇU-KM 25,1
MILÍCIA-NOVA IGUAÇU-KM 24,1
FACÇÃO-NOVA IGUAÇU-KENNEDY,1
MILÍCIA-NOVA IGUAÇU-KENNEDY,1
FACÇÃO-MESQUITA-JUSCELINO,106
FACÇÃO-NITERÓI-JURUJUBA,4
FACÇÃO-SÃO GONÇALO-JÓQUEI,30
MILÍCIA-SÃO GONÇALO-JÓQUEI,1
FACÇÃO-SÃO GONÇALO-JOQUEI,3
FACÇÃO-ITABORAÍ-JOÃO CAETANO,1
MILÍCIA-SEROPÉDICA-JARDINS,2
MILÍCIA-DUQUE DE CAXIAS-JARDIM VISTA ALEGRE,1
FACÇÃO-DUQUE DE CAXIAS-JARDIM VINTE E CINCO DE AGOSTO,5
MILÍCIA-DUQUE DE CAXIAS-JARDIM VINTE E CINCO DE AGOSTO,2
MILÍCIA-DUQUE DE CAXIAS-JARDIM VILA NOVA,2
MILÍCIA-NOVA IGUAÇU-JARDIM TROPICAL,1
FACÇÃO-SÃO JOÃO DE MERITI-JARDIM SUMARÉ,6
MILÍCIA-RIO DE JANEIRO-JARDIM SULACAP,9
FACÇÃO-BELFORD ROXO-JARDIM SILVANA,2
FACÇÃO-NOVA IGUAÇU-JARDIM SÃO VICENTE,23
FACÇÃO-NOVA IGUAÇU-JARDIM SÃO VICENTE,1
MILÍCIA-NOVA IGUAÇU-JARDIM SÃO VICENTE,1
FACÇÃO-JAPERI-JARDIM SÃO SEBASTIÃO,3
FACÇÃO-BELFORD ROXO-JARDIM SÃO BENTO,1
FACÇÃO-SÃO JOÃO DE MERITI-JARDIM SANTO ANTÔNIO,15
FACÇÃO-SÃO JOÃO DE MERITI-JARDIM SANTA ROSA,4
MILÍCIA-DUQUE DE CAXIAS-JARDIM SANTA RITA,3
FACÇÃO-DUQUE DE CAXIAS-JARDIM ROSÁRIO,11
MILÍCIA-DUQUE DE CAXIAS-JARDIM ROSÁRIO,5
MILÍCIA-QUEIMADOS-JARDIM QUEIMADOS,7
MILÍCIA-DUQUE DE CAXIAS-JARDIM PRIMAVERA,20
FACÇÃO-DUQUE DE CAXIAS-JARDIM PRIMAVERA,4
MILÍCIA-DUQUE DE CAXIAS-JARDIM PORANGABA,14
MILÍCIA-NOVA IGUAÇU-JARDIM PERNAMBUCO,5
FACÇÃO-NOVA IGUAÇU-JARDIM PERNAMBUCO,2
MILÍCIA-SÃO JOÃO DE MERITI-JARDIM PARAÍSO,1
FACÇÃO-NOVA IGUAÇU-JARDIM PALMARES,7
MILÍCIA-NOVA IGUAÇU-JARDIM PALMARES,7
FACÇÃO-SÃO JOÃO DE MERITI-JARDIM OLAVO BILAC,3
MILÍCIA-SÃO JOÃO DE MERITI-JARDIM OLAVO BILAC,1
FACÇÃO-SÃO GONÇALO-JARDIM NOVA REPÚBLICA,1
MILÍCIA-NOVA IGUAÇU-JARDIM NOVA ERA,43
FACÇÃO-NOVA IGUAÇU-JARDIM NOVA ERA,20
FACÇÃO-SÃO JOÃO DE MERITI-JARDIM NOVA CALIFÓRNIA,2
FACÇÃO-JAPERI-JARDIM NORMANDIA,1
MILÍCIA-NOVA IGUAÇU-JARDIM NATAL,1
FACÇÃO-SÃO JOÃO DE MERITI-JARDIM METRÓPOLE,23
MILÍCIA-SÃO JOÃO DE MERITI-JARDIM METRÓPOLE,1
MILÍCIA-SÃO JOÃO DE MERITI-JARDIM MERITI,11
FACÇÃO-SÃO JOÃO DE MERITI-JARDIM MERITI,2
MILÍCIA-NOVA IGUAÇU-JARDIM MARILICE,1
MILÍCIA-SEROPÉDICA-JARDIM MARACANÃ,2
FACÇÃO-ITAGUAÍ-JARDIM MAR,4
FACÇÃO-DUQUE DE CAXIAS-JARDIM LÍDER,5
MILÍCIA-DUQUE DE CAXIAS-JARDIM LÍDER,1
MILÍCIA-DUQUE DE CAXIAS-JARDIM LEAL,4
FACÇÃO-ITAGUAÍ-JARDIM LAIÁ,1
FACÇÃO-SÃO JOÃO DE MERITI-JARDIM JUREMA,4
FACÇÃO-SÃO JOÃO DE MERITI-JARDIM JOSÉ BONIFÁCIO,4
MILÍCIA-SÃO JOÃO DE MERITI-JARDIM JOSÉ BONIFÁCIO,2
FACÇÃO-ITABORAÍ-JARDIM ITAMBI,9
MILÍCIA-ITABORAÍ-JARDIM ITAMBI,1
MILÍCIA-SÃO JOÃO DE MERITI-JARDIM ÍRIS,1
FACÇÃO-SÃO JOÃO DE MERITI-JARDIM IRIS,5
MILÍCIA-SÃO JOÃO DE MERITI-JARDIM IRIS,1
MILÍCIA-NOVA IGUAÇU-JARDIM IMPÉRIO,1
FACÇÃO-DUQUE DE CAXIAS-JARDIM IMBARIÊ,2
MILÍCIA-DUQUE DE CAXIAS-JARDIM IMBARIÊ,1
MILÍCIA-NOVA IGUAÇU-JARDIM IGUAÇU,2
FACÇÃO-BELFORD ROXO-JARDIM IDEAL,20
MILÍCIA-NOVA IGUAÇU-JARDIM GUANDU,15
FACÇÃO-NOVA IGUAÇU-JARDIM GUANDU,7
MILÍCIA-RIO DE JANEIRO-JARDIM GUANABARA,2
FACÇÃO-RIO DE JANEIRO-JARDIM GUANABARA,1
FACÇÃO-DUQUE DE CAXIAS-JARDIM GRAMACHO,11
MILÍCIA-DUQUE DE CAXIAS-JARDIM GRAMACHO,10
MILÍCIA-NOVA IGUAÇU-JARDIM FONTE SÃO MIGUEL,2
FACÇÃO-JAPERI-JARDIM EMÍLIA,2
FACÇÃO-BELFORD ROXO-JARDIM DIMAS FILHO,2
FACÇÃO-JAPERI-JARDIM DELAMARE,7
FACÇÃO-ITABORAÍ-JARDIM DA PAZ,1
FACÇÃO-SÃO JOÃO DE MERITI-JARDIM DA ALEGRIA,2
MILÍCIA-SÃO JOÃO DE MERITI-JARDIM DA ALEGRIA,1
MILÍCIA-DUQUE DE CAXIAS-JARDIM CUBATÃO,1
FACÇÃO-BELFORD ROXO-JARDIM CRISTINA,6
FACÇÃO-SÃO GONÇALO-JARDIM CATARINA,183
MILÍCIA-SÃO GONÇALO-JARDIM CATARINA,5
FACÇÃO-RIO DE JANEIRO-JARDIM CARIOCA,3
MILÍCIA-NOVA IGUAÇU-JARDIM CANAA,1
FACÇÃO-BELFORD ROXO-JARDIM BRASIL,10
MILÍCIA-BELFORD ROXO-JARDIM BRASIL,1
FACÇÃO-RIO DE JANEIRO-JARDIM BOTÂNICO,1
FACÇÃO-DUQUE DE CAXIAS-JARDIM BARRO BRANCO,4
FACÇÃO-DUQUE DE CAXIAS-JARDIM BALNEÁRIO ANA CLARA,1
MILÍCIA-DUQUE DE CAXIAS-JARDIM BALNEÁRIO ANA CLARA,1
MILÍCIA-DUQUE DE CAXIAS-JARDIM ANHANGÁ,8
FACÇÃO-DUQUE DE CAXIAS-JARDIM ANHANGÁ,2
FACÇÃO-ITAGUAÍ-JARDIM AMÉRICA,10
FACÇÃO-RIO DE JANEIRO-JARDIM AMÉRICA,7
MILÍCIA-ITAGUAÍ-JARDIM AMÉRICA,5
FACÇÃO-QUEIMADOS-JARDIM ALZIRA,2
MILÍCIA-NOVA IGUAÇU-JARDIM ALVORADA,10
MILÍCIA-DUQUE DE CAXIAS-JARDIM 25 DE AGOSTO,3
FACÇÃO-JAPERI-JAPERI,5
MILÍCIA-JAPERI-JAPERI,2
MILÍCIA-MESQUITA-JACUTINGA,2
MILÍCIA-MARICÁ-JACONÉ,1
MILÍCIA-RIO DE JANEIRO-JACAREPAGUÁ,324
FACÇÃO-RIO DE JANEIRO-JACAREPAGUÁ,27
FACÇÃO-RIO DE JANEIRO-JACARÉ,20
MILÍCIA-RIO DE JANEIRO-JACARÉ,1
FACÇÃO-NITERÓI-ITITIOCA,6
FACÇÃO-SÃO GONÇALO-ITAÚNA,39
MILÍCIA-MARICÁ-ITAPEBA,3
FACÇÃO-MARICÁ-ITAPEBA,1
FACÇÃO-SÃO GONÇALO-ITAOCA,1
MILÍCIA-RIO DE JANEIRO-ITANHANGÁ,51
FACÇÃO-RIO DE JANEIRO-ITANHANGÁ,2
MILÍCIA-MARICÁ-ITAIPUAÇU,2
FACÇÃO-MARICÁ-ITAIPUAÇU,1
FACÇÃO-NITERÓI-ITAIPU,12
MILÍCIA-BELFORD ROXO-ITAIPU,4
MILÍCIA-NITERÓI-ITAIPU,2
FACÇÃO-MAGÉ-IRIRI,1
MILÍCIA-RIO DE JANEIRO-IRAJÁ,15
FACÇÃO-RIO DE JANEIRO-IRAJÁ,8
MILÍCIA-NOVA IGUAÇU-IPIRANGA,20
FACÇÃO-NOVA IGUAÇU-IPIRANGA,3
FACÇÃO-MAGÉ-IPIRANGA,1
MILÍCIA-MAGÉ-IPIRANGA,1
FACÇÃO-SÃO GONÇALO-IPIÍBA,4
MILÍCIA-RIO DE JANEIRO-IPANEMA,4
FACÇÃO-RIO DE JANEIRO-IPANEMA,1
MILÍCIA-MARICÁ-INOÃ,6
FACÇÃO-MARICÁ-INOÃ,4
MILÍCIA-RIO DE JANEIRO-INHOAÍBA,63
FACÇÃO-RIO DE JANEIRO-INHOAÍBA,1
MILÍCIA-RIO DE JANEIRO-INHAÚMA,38
FACÇÃO-RIO DE JANEIRO-INHAÚMA,29
FACÇÃO-NITERÓI-INGÁ,2
FACÇÃO-DUQUE DE CAXIAS-IMBARIÊ,13
MILÍCIA-RIO DE JANEIRO-ILHA DE GUARATIBA,2
MILÍCIA-ITAGUAÍ-ILHA DA MADEIRA,4
FACÇÃO-NITERÓI-ILHA DA CONCEIÇÃO,7
MILÍCIA-NITERÓI-ILHA DA CONCEIÇÃO,1
FACÇÃO-NITERÓI-ICARAÍ,6
MILÍCIA-NITERÓI-ICARAÍ,3
MILÍCIA-RIO DE JANEIRO-HUMAITÁ,1
FACÇÃO-RIO DE JANEIRO-HONÓRIO GURGEL,8
MILÍCIA-RIO DE JANEIRO-HONÓRIO GURGEL,3
FACÇÃO-BELFORD ROXO-HITERLAND,14
MILÍCIA-BELFORD ROXO-HITERLAND,6
MILÍCIA-RIO DE JANEIRO-HIGIENÓPOLIS,3
FACÇÃO-RIO DE JANEIRO-HIGIENÓPOLIS,1
MILÍCIA-BELFORD ROXO-HELIÓPOLIS,6
FACÇÃO-SÃO GONÇALO-GUAXINDIBA,84
MILÍCIA-RIO DE JANEIRO-GUARATIBA,237
FACÇÃO-RIO DE JANEIRO-GUADALUPE,28
MILÍCIA-RIO DE JANEIRO-GUADALUPE,21
MILÍCIA-RIO DE JANEIRO-GRUMARI,3
FACÇÃO-ITABORAÍ-GRANJAS CABUÇU,1
MILÍCIA-DUQUE DE CAXIAS-GRAMACHO,4
FACÇÃO-DUQUE DE CAXIAS-GRAMACHO,3
MILÍCIA-NOVA IGUAÇU-GRAMA,8
FACÇÃO-RIO DE JANEIRO-GRAJAÚ,1
FACÇÃO-SÃO GONÇALO-GRADIM,15
MILÍCIA-SÃO GONÇALO-GRADIM,8
MILÍCIA-DUQUE DE CAXIAS-GRAÇAS,1
FACÇÃO-RIO DE JANEIRO-GLÓRIA,3
MILÍCIA-RIO DE JANEIRO-GLÓRIA,1
FACÇÃO-BELFORD ROXO-GLÁUCIA,14
MILÍCIA-BELFORD ROXO-GLÁUCIA,1
FACÇÃO-BELFORD ROXO-GLAUCIA,1
MILÍCIA-RIO DE JANEIRO-GERICINÓ,41
FACÇÃO-RIO DE JANEIRO-GERICINÓ,16
MILÍCIA-NOVA IGUAÇU-GENECIANO,11
FACÇÃO-NOVA IGUAÇU-GENECIANO,1
FACÇÃO-ITABORAÍ-GEBARA,3
FACÇÃO-RIO DE JANEIRO-GÁVEA,10
MILÍCIA-RIO DE JANEIRO-GARDÊNIA AZUL,73
FACÇÃO-RIO DE JANEIRO-GAMBOA,5
FACÇÃO-SÃO GONÇALO-GALO BRANCO,13
FACÇÃO-RIO DE JANEIRO-GALEÃO,24
FACÇÃO-RIO DE JANEIRO-FREGUESIA (JACAREPAGUÁ),21
MILÍCIA-RIO DE JANEIRO-FREGUESIA (JACAREPAGUÁ),13
FACÇÃO-RIO DE JANEIRO-FREGUESIA (ILHA DO GOVERNADOR),6
MILÍCIA-RIO DE JANEIRO-FREGUESIA (ILHA DO GOVERNADOR),5
FACÇÃO-NITERÓI-FONSECA,41
MILÍCIA-NITERÓI-FONSECA,1
MILÍCIA-QUEIMADOS-FLESMAM,2
FACÇÃO-RIO DE JANEIRO-FLAMENGO,3
MILÍCIA-MARICÁ-FLAMENGO,2
MILÍCIA-RIO DE JANEIRO-FLAMENGO,2
MILÍCIA-NOVA IGUAÇU-FIGUEIRAS,11
MILÍCIA-SEROPÉDICA-FAZENDA CAXIAS,4
MILÍCIA-RIO DE JANEIRO-FAVELA BEIRA RIO,2
FACÇÃO-NITERÓI-FÁTIMA,2
FACÇÃO-QUEIMADOS-FANCHEM,1
MILÍCIA-ITAGUAÍ-ESTRELA DO CÉU,2
FACÇÃO-ITAGUAÍ-ESTRELA DO CÉU,1
FACÇÃO-RIO DE JANEIRO-ESTÁCIO,14
MILÍCIA-RIO DE JANEIRO-ESTÁCIO,1
FACÇÃO-ITABORAÍ-ESPERANÇA,4
FACÇÃO-NITERÓI-ENGENHOCA,27
FACÇÃO-SÃO GONÇALO-ENGENHO PEQUENO,8
MILÍCIA-SÃO GONÇALO-ENGENHO PEQUENO,8
FACÇÃO-NOVA IGUAÇU-ENGENHO PEQUENO,3
MILÍCIA-NOVA IGUAÇU-ENGENHO PEQUENO,1
FACÇÃO-RIO DE JANEIRO-ENGENHO NOVO,21
FACÇÃO-NITERÓI-ENGENHO DO MATO,4
MILÍCIA-RIO DE JANEIRO-ENGENHO DE DENTRO,14
FACÇÃO-RIO DE JANEIRO-ENGENHO DE DENTRO,12
FACÇÃO-RIO DE JANEIRO-ENGENHO DA RAINHA,55
MILÍCIA-RIO DE JANEIRO-ENGENHO DA RAINHA,3
FACÇÃO-RIO DE JANEIRO-ENGENHO DA  RAINHA,4
FACÇÃO-ITAGUAÍ-ENGENHO,13
FACÇÃO-ITABORAÍ-ENGENHO,1
MILÍCIA-ITAGUAÍ-ENGENHO,1
FACÇÃO-JAPERI-ENGENHEIRO PEDREIRA,21
MILÍCIA-JAPERI-ENGENHEIRO PEDREIRA,1
FACÇÃO-SÃO JOÃO DE MERITI-ENGENHEIRO BELFORD,18
FACÇÃO-RIO DE JANEIRO-ENCANTADO,2
FACÇÃO-MESQUITA-EDSON PASSOS,13
MILÍCIA-MESQUITA-EDSON PASSOS,4
FACÇÃO-SÃO JOÃO DE MERITI-ÉDEN,75
MILÍCIA-SÃO JOÃO DE MERITI-ÉDEN,5
MILÍCIA-SEROPÉDICA-ECOLOGIA,1
FACÇÃO-TANGUÁ-DUQUES,2
MILÍCIA-TANGUÁ-DUQUES,1
MILÍCIA-DUQUE DE CAXIAS-DOUTOR LAUREANO,3
MILÍCIA-NOVA IGUAÇU-DOM RODRIGO,1
FACÇÃO-BELFORD ROXO-DOIS IRMÃOS,13
FACÇÃO-RIO DE JANEIRO-DEODORO,21
MILÍCIA-RIO DE JANEIRO-DEODORO,6
MILÍCIA-RIO DE JANEIRO-DEL CASTILHO,44
FACÇÃO-RIO DE JANEIRO-DEL CASTILHO,15
FACÇÃO-BELFORD ROXO-DAS GRAÇAS,14
MILÍCIA-BELFORD ROXO-DAS GRAÇAS,3
FACÇÃO-NOVA IGUAÇU-DANON,36
MILÍCIA-NOVA IGUAÇU-DANON,5
MILÍCIA-NOVA IGUAÇU-DA LUZ,2
MILÍCIA-RIO DE JANEIRO-CURICICA,76
FACÇÃO-NITERÓI-CUBANGO,8
FACÇÃO-SÃO GONÇALO-COVANCA,3
FACÇÃO-RIO DE JANEIRO-COSTA BARROS,51
MILÍCIA-RIO DE JANEIRO-COSMOS,61
FACÇÃO-RIO DE JANEIRO-COSME VELHO,3
FACÇÃO-JAPERI-COSME DAMIÃO,1
MILÍCIA-ITAGUAÍ-COROA GRANDE,30
FACÇÃO-ITAGUAÍ-COROA GRANDE,3
FACÇÃO-MESQUITA-CORÉIA,40
MILÍCIA-MESQUITA-CORÉIA,1
FACÇÃO-MESQUITA-COREIA,1
FACÇÃO-RIO DE JANEIRO-CORDOVIL,75
MILÍCIA-RIO DE JANEIRO-CORDOVIL,1
FACÇÃO-RIO DE JANEIRO-COPACABANA,26
MILÍCIA-RIO DE JANEIRO-COPACABANA,4
FACÇÃO-RIO DE JANEIRO-COMPLEXO DO ALEMÃO,1
MILÍCIA-NOVA IGUAÇU-COMENDADOR SOARES,17
FACÇÃO-NOVA IGUAÇU-COMENDADOR SOARES,6
FACÇÃO-SÃO GONÇALO-COLUBANDÊ,19
MILÍCIA-RIO DE JANEIRO-COLÉGIO,8
FACÇÃO-RIO DE JANEIRO-COLÉGIO,3
FACÇÃO-RIO DE JANEIRO-COELHO NETO,13
MILÍCIA-RIO DE JANEIRO-COELHO NETO,5
FACÇÃO-SÃO JOÃO DE MERITI-COELHO DA ROCHA,4
MILÍCIA-SÃO JOÃO DE MERITI-COELHO DA ROCHA,3
FACÇÃO-SÃO GONÇALO-COELHO,42
MILÍCIA-MARICÁ-CODEIRINHO,3
FACÇÃO-JAPERI-CITRÓPOLIS,3
MILÍCIA-MAGÉ-CITROLÂNDIA,31
MILÍCIA-RIO DE JANEIRO-CIDADE UNIVERSITÁRIA,1
FACÇÃO-RIO DE JANEIRO-CIDADE NOVA,4
MILÍCIA-NOVA IGUAÇU-CIDADE JARDIM PARQUE ESTORIL,3
FACÇÃO-NOVA IGUAÇU-CIDADE JARDIM PARQUE ESTORIL,2
FACÇÃO-JAPERI-CIDADE JARDIM MARAJOARA,4
FACÇÃO-GUAPIMIRIM-CIDADE JARDIM GUAPIMIRIM,1
MILÍCIA-DUQUE DE CAXIAS-CIDADE DOS MENINOS,1
FACÇÃO-RIO DE JANEIRO-CIDADE DE DEUS,45
MILÍCIA-RIO DE JANEIRO-CIDADE DE DEUS,1
FACÇÃO-MESQUITA-CHATUBA,33
MILÍCIA-MESQUITA-CHATUBA,2
FACÇÃO-NITERÓI-CHARITAS,31
MILÍCIA-NITERÓI-CHARITAS,2
MILÍCIA-ITAGUAÍ-CHAPERÓ,51
FACÇÃO-JAPERI-CHACRINHA,5
MILÍCIA-JAPERI-CHACRINHA,1
FACÇÃO-DUQUE DE CAXIAS-CHÁCARAS RIO PETRÓPOLIS,8
MILÍCIA-DUQUE DE CAXIAS-CHÁCARAS RIO PETRÓPOLIS,4
FACÇÃO-DUQUE DE CAXIAS-CHÁCARAS ARCAMPO,9
MILÍCIA-DUQUE DE CAXIAS-CHÁCARAS ARCAMPO,2
FACÇÃO-BELFORD ROXO-CHÁCARA SANTO ANTÔNIO,1
FACÇÃO-JAPERI-CHÁCARA PARAÍSO,1
MILÍCIA-NOVA IGUAÇU-CERÂMICA,8
FACÇÃO-NOVA IGUAÇU-CERÂMICA,4
FACÇÃO-ITABORAÍ-CENTRO (VISCONDE DE ITABORAÍ),3
MILÍCIA-ITAGUAÍ-CENTRO (VISCONDE DE ITABORAÍ),3
FACÇÃO-ITABORAÍ-CENTRO (PORTO DAS CAIXAS),1
FACÇÃO-ITABORAÍ-CENTRO (MANILHA),5
MILÍCIA-ITABORAÍ-CENTRO (MANILHA),1
FACÇÃO-SÃO JOÃO DE MERITI-CENTRO,33
MILÍCIA-RIO DE JANEIRO-CENTRO,20
FACÇÃO-RIO DE JANEIRO-CENTRO,18
MILÍCIA-QUEIMADOS-CENTRO,16
MILÍCIA-SEROPÉDICA-CENTRO,14
MILÍCIA-DUQUE DE CAXIAS-CENTRO,13
MILÍCIA-ITAGUAÍ-CENTRO,13
MILÍCIA-NOVA IGUAÇU-CENTRO,11
FACÇÃO-SÃO GONÇALO-CENTRO,9
FACÇÃO-MESQUITA-CENTRO,8
FACÇÃO-NITERÓI-CENTRO,8
MILÍCIA-BELFORD ROXO-CENTRO,8
FACÇÃO-JAPERI-CENTRO,7
MILÍCIA-SÃO JOÃO DE MERITI-CENTRO,6
FACÇÃO-NILÓPOLIS-CENTRO,5
MILÍCIA-NILÓPOLIS-CENTRO,5
FACÇÃO-QUEIMADOS-CENTRO,4
MILÍCIA-NITERÓI-CENTRO,4
FACÇÃO-BELFORD ROXO-CENTRO,3
MILÍCIA-MESQUITA-CENTRO,3
FACÇÃO-DUQUE DE CAXIAS-CENTRO,2
FACÇÃO-ITABORAÍ-CENTRO,1
FACÇÃO-PARACAMBI-CENTRO,1
MILÍCIA-ITABORAÍ-CENTRO,1
MILÍCIA-MARICÁ-CENTRO,1
MILÍCIA-RIO BONITO-CENTRO,1
MILÍCIA-SÃO GONÇALO-CENTRO,1
FACÇÃO-RIO DE JANEIRO-CAVALCANTI,31
FACÇÃO-RIO DE JANEIRO-CATUMBI,8
FACÇÃO-RIO DE JANEIRO-CATETE,1
MILÍCIA-RIO DE JANEIRO-CASCADURA,213
MILÍCIA-DUQUE DE CAXIAS-CAROLINA,2
MILÍCIA-NOVA IGUAÇU-CARMARY,3
FACÇÃO-NOVA IGUAÇU-CARMARY,1
FACÇÃO-NITERÓI-CARAMUJO,18
FACÇÃO-DUQUE DE CAXIAS-CAPIVARI,4
MILÍCIA-DUQUE DE CAXIAS-CAPIVARI,1
FACÇÃO-NOVA IGUAÇU-CAONZE,13
MILÍCIA-NOVA IGUAÇU-CAONZE,2
FACÇÃO-DUQUE DE CAXIAS-CANGULO,3
MILÍCIA-DUQUE DE CAXIAS-CANGULO,2
FACÇÃO-DUQUE DE CAXIAS-CAMPOS ELÍSEOS,14
MILÍCIA-DUQUE DE CAXIAS-CAMPOS ELÍSEOS,2
MILÍCIA-SEROPÉDICA-CAMPO LINDO,32
MILÍCIA-RIO DE JANEIRO-CAMPO GRANDE,510
FACÇÃO-RIO DE JANEIRO-CAMPO GRANDE,8
MILÍCIA-QUEIMADOS-CAMPO ALEGRE,4
FACÇÃO-QUEIMADOS-CAMPO ALEGRE,1
MILÍCIA-RIO DE JANEIRO-CAMPINHO,26
FACÇÃO-RIO DE JANEIRO-CAMPINHO,1
FACÇÃO-RIO DE JANEIRO-CAMORIM,1
MILÍCIA-RIO DE JANEIRO-CAMORIM,1
MILÍCIA-NOVA IGUAÇU-CAMARY,1
MILÍCIA-NOVA IGUAÇU-CALIFÓRNIA,2
MILÍCIA-ITAGUAÍ-CALIFÓRNIA,1
FACÇÃO-RIO DE JANEIRO-CAJU,22
FACÇÃO-RIO DE JANEIRO-CACUIA,2
MILÍCIA-NOVA IGUAÇU-CACUIA,1
MILÍCIA-RIO DE JANEIRO-CACUIA,1
MILÍCIA-RIO DE JANEIRO-CACHAMBI,6
FACÇÃO-RIO DE JANEIRO-CACHAMBI,2
MILÍCIA-NILÓPOLIS-CABUIS,3
MILÍCIA-NOVA IGUAÇU-CABUÇU,171
FACÇÃO-ITABORAÍ-CABUÇU,3
FACÇÃO-NOVA IGUAÇU-CABUÇU,2
FACÇÃO-NILÓPOLIS-CABRAL,6
FACÇÃO-ITAGUAÍ-BRISAMAR,1
FACÇÃO-ITAGUAÍ-BRISA MAR,25
MILÍCIA-ITAGUAÍ-BRISA MAR,3
MILÍCIA-RIO DE JANEIRO-BRÁS DE PINA,32
FACÇÃO-RIO DE JANEIRO-BRÁS DE PINA,5
FACÇÃO-NOVA IGUAÇU-BOTAFOGO,6
FACÇÃO-RIO DE JANEIRO-BOTAFOGO,4
MILÍCIA-RIO DE JANEIRO-BOTAFOGO,3
MILÍCIA-NOVA IGUAÇU-BOTAFOGO,1
FACÇÃO-RIO DE JANEIRO-BONSUCESSO,58
MILÍCIA-RIO DE JANEIRO-BONSUCESSO,14
FACÇÃO-SÃO GONÇALO-BOM RETIRO,1
FACÇÃO-BELFORD ROXO-BOM PASTOR,20
FACÇÃO-PARACAMBI-BOM JARDIM,1
FACÇÃO-SÃO GONÇALO-BOAÇU,140
MILÍCIA-SÃO GONÇALO-BOAÇU,1
FACÇÃO-SÃO GONÇALO-BOA VISTA,20
MILÍCIA-SÃO GONÇALO-BOA VISTA,2
FACÇÃO-CACHOEIRAS DE MACACU-BOA VISTA,1
MILÍCIA-CACHOEIRAS DE MACACU-BOA VISTA,1
FACÇÃO-BELFORD ROXO-BOA SORTE,4
MILÍCIA-BELFORD ROXO-BOA SORTE,1
MILÍCIA-SEROPÉDICA-BOA ESPERANÇA,20
FACÇÃO-SEROPÉDICA-BOA ESPERANÇA,1
MILÍCIA-NOVA IGUAÇU-BOA ESPERANÇA,1
MILÍCIA-MESQUITA-BNH,5
MILÍCIA-RIO DE JANEIRO-BENTO RIBEIRO,23
FACÇÃO-RIO DE JANEIRO-BENFICA,21
MILÍCIA-RIO DE JANEIRO-BENFICA,4
FACÇÃO-NOVA IGUAÇU-BELTERRA,1
MILÍCIA-NOVA IGUAÇU-BELTERRA,1
FACÇÃO-JAPERI-BELO HORIZONTE,1
MILÍCIA-QUEIMADOS-BELMONTE,3
FACÇÃO-ITABORAÍ-BELA VISTA,1
FACÇÃO-JAPERI-BEIRA RIO,1
FACÇÃO-RIO DE JANEIRO-BARROS FILHO,25
FACÇÃO-SÃO GONÇALO-BARRO VERMELHO,13
MILÍCIA-SÃO GONÇALO-BARRO VERMELHO,1
FACÇÃO-DUQUE DE CAXIAS-BARRO BRANCO,2
FACÇÃO-NITERÓI-BARRETO,15
FACÇÃO-SÃO GONÇALO-BARRACÃO,8
MILÍCIA-RIO DE JANEIRO-BARRA DA TIJUCA,49
FACÇÃO-RIO DE JANEIRO-BARRA DA TIJUCA,3
FACÇÃO-NOVA IGUAÇU-BARÃO DE GUANDU,1
MILÍCIA-NOVA IGUAÇU-BARÃO DE GUANDU,1
FACÇÃO-RIO DE JANEIRO-BANGU,140
MILÍCIA-RIO DE JANEIRO-BANGU,110
FACÇÃO-MESQUITA-BANCO DE AREIA,15
FACÇÃO-RIO DE JANEIRO-BANCÁRIOS,1
FACÇÃO-NITERÓI-BADU,11
MILÍCIA-NITERÓI-BADU,1
FACÇÃO-NOVA IGUAÇU-AUTÓDROMO,2
MILÍCIA-NOVA IGUAÇU-AUTÓDROMO,2
MILÍCIA-NOVA IGUAÇU-AUSTIN,57
FACÇÃO-NOVA IGUAÇU-AUSTIN,4
FACÇÃO-NITERÓI-ATALAIA,2
FACÇÃO-SÃO GONÇALO-ARSENAL,20
FACÇÃO-SÃO GONÇALO-ARRASTÃO,4
FACÇÃO-BELFORD ROXO-AREIA BRANCA,12
MILÍCIA-BELFORD ROXO-AREIA BRANCA,2
FACÇÃO-ITABORAÍ-AREAL,1
FACÇÃO-MARICÁ-ARAÇATIBA,3
FACÇÃO-ITABORAÍ-APOLO II,4
MILÍCIA-ITABORAÍ-APOLO II,1
FACÇÃO-SÃO GONÇALO-ANTONINA,6
MILÍCIA-NOVA IGUAÇU-ANDRADE DE ARAÚJO,1
MILÍCIA-BELFORD ROXO-ANDRADE ARAÚJO,2
FACÇÃO-BELFORD ROXO-ANDRADE ARAÚJO,1
FACÇÃO-RIO DE JANEIRO-ANDARAÍ,44
FACÇÃO-RIO DE JANEIRO-ANCHIETA,108
FACÇÃO-SÃO GONÇALO-ANAIA PEQUENO,3
FACÇÃO-ITABORAÍ-AMPLIAÇÃO,13
FACÇÃO-SÃO GONÇALO-AMENDOEIRA,8
MILÍCIA-SÃO GONÇALO-AMENDOEIRA,1
FACÇÃO-NOVA IGUAÇU-AMBAÍ,7
MILÍCIA-NOVA IGUAÇU-AMBAÍ,2
MILÍCIA-DUQUE DE CAXIAS-AMAPÁ,4
FACÇÃO-MESQUITA-ALTO URUGUAI,8
FACÇÃO-RIO DE JANEIRO-ALTO DA BOA VISTA,4
FACÇÃO-SÃO GONÇALO-ALMERINDA,27
FACÇÃO-QUEIMADOS-ALIANÇA,9
MILÍCIA-QUEIMADOS-ALIANÇA,2
FACÇÃO-JAPERI-ALECRIM,1
MILÍCIA-JAPERI-ALECRIM,1
FACÇÃO-SÃO GONÇALO-ALCÂNTARA,36
MILÍCIA-SÃO GONÇALO-ALCÂNTARA,5
FACÇÃO-RIO DE JANEIRO-ÁGUA SANTA,3
MILÍCIA-RIO DE JANEIRO-ÁGUA SANTA,1
FACÇÃO-SÃO JOÃO DE MERITI-AGOSTINHO PORTO,2
MILÍCIA-NOVA IGUAÇU-ADRIANÓPOLIS,2
FACÇÃO-RIO DE JANEIRO-ACARI,22
FACÇÃO-RIO DE JANEIRO-ABOLIÇÃO,1
MILÍCIA-RIO DE JANEIRO,11
FACÇÃO-RIO DE JANEIRO,10
MILÍCIA-ITAGUAÍ,4
MILÍCIA-NOVA IGUAÇU,4
FACÇÃO-NITERÓI,3
MILÍCIA-BELFORD ROXO,3
MILÍCIA-SEROPÉDICA,3
FACÇÃO-NOVA IGUAÇU,2
MILÍCIA-DUQUE DE CAXIAS,2
MILÍCIA-QUEIMADOS,2
FACÇÃO-JAPERI,1
FACÇÃO-MESQUITA,1
MILÍCIA-CACHOEIRAS DE MACACU,1
MILÍCIA-MAGÉ,1
MILÍCIA-MARICÁ,1
MILÍCIA-MESQUITA,1
MILÍCIA-SÃO GONÇALO,1
MILÍCIA-SÃO JOÃO DE MERITI,1
